CREATE SCHEMA `restuarentmanagementsystem` ;
CREATE TABLE menu_items (
    item_id INT PRIMARY KEY,
    item_name VARCHAR(50),
    category VARCHAR(50),
    price DECIMAL(10, 2),
    description TEXT
);
select * from menu_items; 
CREATE TABLE customers (
    customer_id INT PRIMARY KEY,
    customer_name VARCHAR(50),
    phone_number VARCHAR(15),
    email VARCHAR(50),
    address VARCHAR(100)
);
select * from customers;
-- Create Orders Table
CREATE TABLE orders (
    order_id INT PRIMARY KEY,
    customer_id INT,
    order_date DATE,
    total_amount DECIMAL(10, 2),
    FOREIGN KEY (customer_id) REFERENCES customers(customer_id)
);
select * from orders;
CREATE TABLE order_items (
    order_item_id INT PRIMARY KEY,
    order_id INT,
    item_id INT,
    quantity INT,
    item_price DECIMAL(10, 2),
    FOREIGN KEY (order_id) REFERENCES orders(order_id),
    FOREIGN KEY (item_id) REFERENCES menu_items(item_id)
);
select * from order_items;
CREATE TABLE employees (
    employee_id INT PRIMARY KEY,
    employee_name VARCHAR(50),
    position VARCHAR(50),
    hire_date DATE,
    salary DECIMAL(10, 2)
);

CREATE TABLE transactions (
    transaction_id INT PRIMARY KEY,
    order_id INT,
    transaction_date DATE,
    payment_method VARCHAR(50),
    total_amount DECIMAL(10, 2),
    FOREIGN KEY (order_id) REFERENCES orders(order_id)
);
INSERT INTO menu_items (item_id, item_name, category, price, description) VALUES
(1, 'Margherita Pizza', 'Main Course', 8.99, 'Classic pizza with tomato sauce, mozzarella, and basil'),
(2, 'Caesar Salad', 'Appetizer', 5.49, 'Romaine lettuce with Caesar dressing, croutons, and Parmesan cheese'),
(3, 'Chocolate Cake', 'Dessert', 4.99, 'Rich chocolate cake with chocolate frosting'),
(4, 'Grilled Salmon', 'Main Course', 12.99, 'Fresh salmon grilled to perfection with a side of vegetables'),
(5, 'Tomato Soup', 'Appetizer', 3.99, 'Creamy tomato soup with a hint of basil'),
(6, 'Cheeseburger', 'Main Course', 9.49, 'Juicy beef patty with cheddar cheese, lettuce, tomato, and onion'),
(7, 'Garlic Bread', 'Appetizer', 3.49, 'Toasted bread with garlic butter and herbs'),
(8, 'Apple Pie', 'Dessert', 4.49, 'Traditional apple pie with a flaky crust'),
(9, 'Spaghetti Carbonara', 'Main Course', 10.99, 'Pasta with creamy sauce, bacon, and Parmesan cheese'),
(10, 'Bruschetta', 'Appetizer', 4.29, 'Grilled bread topped with tomatoes, garlic, and basil'),
-- ... Continue adding values up to 100
(11, 'Tiramisu', 'Dessert', 5.99, 'Classic Italian dessert with layers of coffee-soaked ladyfingers and mascarpone cheese'),
(12, 'Chicken Wings', 'Appetizer', 6.99, 'Spicy chicken wings served with blue cheese dressing'),
(13, 'Veggie Burger', 'Main Course', 8.49, 'Vegetarian burger with lettuce, tomato, and avocado'),
(14, 'French Fries', 'Appetizer', 2.99, 'Crispy golden fries served with ketchup'),
(15, 'Mango Sorbet', 'Dessert', 3.99, 'Refreshing mango sorbet with a hint of lime'),
(16, 'Beef Tacos', 'Main Course', 7.99, 'Soft tacos filled with seasoned beef, lettuce, and cheese'),
(17, 'Stuffed Mushrooms', 'Appetizer', 4.99, 'Mushrooms stuffed with cheese and herbs'),
(18, 'Panna Cotta', 'Dessert', 4.99, 'Creamy Italian dessert with a hint of vanilla'),
(19, 'Lamb Chops', 'Main Course', 14.99, 'Grilled lamb chops with rosemary and garlic'),
(20, 'Greek Salad', 'Appetizer', 5.99, 'Salad with feta cheese, olives, cucumber, and tomato'),
-- Continue adding values until you reach 100 items
(21, 'Chicken Parmesan', 'Main Course', 11.99, 'Breaded chicken breast topped with marinara sauce and mozzarella cheese'),
(22, 'Onion Rings', 'Appetizer', 3.99, 'Crispy fried onion rings served with dipping sauce'),
(23, 'Vanilla Ice Cream', 'Dessert', 3.49, 'Classic vanilla ice cream with a choice of toppings'),
(24, 'Pork Ribs', 'Main Course', 13.99, 'Slow-cooked pork ribs with BBQ sauce'),
(25, 'Caprese Salad', 'Appetizer', 4.99, 'Fresh tomatoes, mozzarella, and basil drizzled with balsamic glaze'),
-- Add more values as needed to reach 100 items
(26, 'Lobster Bisque', 'Appetizer', 6.99, 'Creamy lobster soup with a hint of sherry'),
(27, 'Pepperoni Pizza', 'Main Course', 9.99, 'Pizza topped with pepperoni and mozzarella cheese'),
(28, 'Chocolate Mousse', 'Dessert', 4.99, 'Light and airy chocolate mousse topped with whipped cream'),
(29, 'Fish and Chips', 'Main Course', 12.49, 'Beer-battered fish served with fries and tartar sauce'),
(30, 'Spinach Artichoke Dip', 'Appetizer', 5.49, 'Creamy spinach and artichoke dip served with chips'),
(31, 'Raspberry Cheesecake', 'Dessert', 5.99, 'Creamy cheesecake with a raspberry swirl'),
(32, 'Beef Stroganoff', 'Main Course', 13.49, 'Tender beef in a creamy mushroom sauce served over noodles'),
(33, 'Mozzarella Sticks', 'Appetizer', 4.99, 'Fried mozzarella sticks served with marinara sauce'),
(34, 'Key Lime Pie', 'Dessert', 4.99, 'Tart and sweet key lime pie with a graham cracker crust'),
(35, 'Chicken Alfredo', 'Main Course', 11.49, 'Pasta with creamy Alfredo sauce and grilled chicken'),
(36, 'Crab Cakes', 'Appetizer', 7.99, 'Pan-seared crab cakes served with remoulade sauce'),
(37, 'Banana Split', 'Dessert', 5.49, 'Banana split with ice cream, chocolate sauce, and whipped cream'),
(38, 'Shrimp Scampi', 'Main Course', 13.99, 'Shrimp sautéed in garlic butter and white wine served over pasta'),
(39, 'Stuffed Jalapenos', 'Appetizer', 5.29, 'Jalapenos stuffed with cheese and wrapped in bacon'),
(40, 'Pecan Pie', 'Dessert', 4.99, 'Sweet and nutty pecan pie with a flaky crust'),
(41, 'Ribeye Steak', 'Main Course', 18.99, 'Grilled ribeye steak with a side of mashed potatoes'),
(42, 'Buffalo Wings', 'Appetizer', 6.99, 'Spicy buffalo wings served with ranch dressing'),
(43, 'Strawberry Shortcake', 'Dessert', 5.49, 'Shortcake topped with strawberries and whipped cream'),
(44, 'Lasagna', 'Main Course', 11.99, 'Layers of pasta, meat sauce, and cheese baked to perfection'),
(45, 'Chicken Quesadilla', 'Appetizer', 6.49, 'Grilled tortilla filled with chicken and cheese'),
(46, 'Lemon Tart', 'Dessert', 4.99, 'Tart lemon filling in a buttery crust'),
(47, 'BBQ Chicken Pizza', 'Main Course', 10.99, 'Pizza topped with BBQ chicken, red onions, and cilantro'),
(48, 'Potato Skins', 'Appetizer', 4.99, 'Potato halves topped with cheese and bacon'),
(49, 'Pumpkin Pie', 'Dessert', 4.49, 'Traditional pumpkin pie with whipped cream'),
(50, 'Fettuccine Alfredo', 'Main Course', 10.49, 'Pasta in a rich and creamy Alfredo sauce'),
(51, 'Spring Rolls', 'Appetizer', 4.49, 'Crispy spring rolls served with sweet chili sauce'),
(52, 'Brownie Sundae', 'Dessert', 5.99, 'Warm brownie topped with ice cream and chocolate sauce'),
(53, 'Turkey Club Sandwich', 'Main Course', 9.49, 'Triple-decker sandwich with turkey, bacon, lettuce, and tomato'),
(54, 'Deviled Eggs', 'Appetizer', 3.99, 'Hard-boiled eggs filled with a creamy yolk mixture'),
(55, 'Coconut Cake', 'Dessert', 4.99, 'Moist cake with coconut frosting'),
(56, 'Eggplant Parmesan', 'Main Course', 11.49, 'Breaded eggplant slices topped with marinara sauce and cheese'),
(57, 'Nachos', 'Appetizer', 5.99, 'Tortilla chips topped with cheese, jalapenos, and sour cream'),
(58, 'Bread Pudding', 'Dessert', 4.49, 'Rich bread pudding with a caramel sauce'),
(59, 'Shrimp Tacos', 'Main Course', 9.99, 'Soft tacos filled with seasoned shrimp, lettuce, and salsa'),
(60, 'Hummus Platter', 'Appetizer', 5.49, 'Creamy hummus served with pita bread and vegetables'),
(61, 'Molten Lava Cake', 'Dessert', 6.49, 'Warm chocolate cake with a gooey center'),
(62, 'BBQ Pork Sandwich', 'Main Course', 9.99, 'Pulled pork with BBQ sauce on a toasted bun'),
(63, 'Fried Calamari', 'Appetizer', 6.99, 'Crispy fried calamari served with marinara sauce'),
(64, 'Blueberry Muffin', 'Dessert', 3.49, 'Moist muffin with fresh blueberries'),
(65, 'Chicken Tenders', 'Main Course', 8.99, 'Breaded chicken strips served with honey mustard'),
(66, 'Fried Pickles', 'Appetizer', 4.49, 'Crispy fried pickle slices served with ranch dressing'),
(67, 'Red Velvet Cake', 'Dessert', 5.49, 'Classic red velvet cake with cream cheese frosting'),
(68, 'Beef Fajitas', 'Main Course', 13.99, 'Sizzling beef with peppers and onions served with tortillas'),
(69, 'Cheese Plate', 'Appetizer', 7.99, 'Assorted cheeses served with crackers and fruit'),
(70, 'Black Forest Cake', 'Dessert', 5.99, 'Chocolate cake with cherries and whipped cream'),
(71, 'Grilled Cheese Sandwich', 'Main Course', 7.49, 'Melted cheese between two slices of grilled bread'),
(72, 'Jalapeno Poppers', 'Appetizer', 5.49, 'Jalapenos stuffed with cheese and fried'),
(73, 'Fruit Salad', 'Dessert', 4.49, 'Fresh mixed fruit salad'),
(74, 'Philly Cheesesteak', 'Main Course', 10.99, 'Sliced steak with cheese, onions, and peppers on a hoagie roll'),
(75, 'Fried Mozzarella', 'Appetizer', 4.99, 'Breaded and fried mozzarella served with marinara sauce'),
(76, 'Cherry Pie', 'Dessert', 4.99, 'Classic cherry pie with a flaky crust'),
(77, 'Clam Chowder', 'Main Course', 9.49, 'Creamy clam chowder served in a bread bowl'),
(78, 'Antipasto Platter', 'Appetizer', 7.99, 'Assorted meats, cheeses, and olives'),
(79, 'Macarons', 'Dessert', 5.49, 'Delicate French cookies with a variety of fillings'),
(80, 'Fish Tacos', 'Main Course', 9.99, 'Soft tacos filled with grilled fish, cabbage, and salsa'),
(81, 'Meatballs', 'Appetizer', 5.99, 'Italian-style meatballs in marinara sauce'),
(82, 'Carrot Cake', 'Dessert', 5.49, 'Moist carrot cake with cream cheese frosting'),
(83, 'Chicken Fried Steak', 'Main Course', 11.99, 'Breaded and fried steak with country gravy'),
(84, 'Stuffed Peppers', 'Appetizer', 6.49, 'Bell peppers stuffed with rice and ground beef'),
(85, 'Lemon Meringue Pie', 'Dessert', 4.99, 'Tart lemon filling topped with fluffy meringue'),
(86, 'Pasta Primavera', 'Main Course', 10.49, 'Pasta with fresh vegetables in a light sauce'),
(87, 'Prosciutto Wrapped Melon', 'Appetizer', 6.99, 'Sweet melon wrapped in salty prosciutto'),
(88, 'Cannoli', 'Dessert', 4.99, 'Italian pastry filled with sweet ricotta cheese'),
(89, 'Stuffed Shells', 'Main Course', 12.49, 'Pasta shells stuffed with ricotta cheese and baked in marinara sauce'),
(90, 'Chicken Satay', 'Appetizer', 6.49, 'Grilled chicken skewers with peanut sauce'),
(91, 'Chocolate Eclair', 'Dessert', 4.99, 'Pastry filled with cream and topped with chocolate'),
(92, 'BBQ Ribs', 'Main Course', 15.99, 'Tender ribs with BBQ sauce and coleslaw'),
(93, 'Caprese Skewers', 'Appetizer', 5.99, 'Skewers with mozzarella, tomatoes, and basil'),
(94, 'Creme Brulee', 'Dessert', 5.99, 'Rich custard topped with caramelized sugar'),
(95, 'Chicken and Waffles', 'Main Course', 10.99, 'Fried chicken served on a waffle with maple syrup'),
(96, 'Shrimp Cocktail', 'Appetizer', 7.99, 'Chilled shrimp served with cocktail sauce'),
(97, 'Chocolate Chip Cookies', 'Dessert', 3.49, 'Classic chocolate chip cookies'),
(98, 'Beef Burrito', 'Main Course', 9.49, 'Flour tortilla filled with beef, rice, and beans'),
(99, 'Spinach Dip', 'Appetizer', 5.49, 'Creamy spinach dip served with bread'),
(100, 'Ice Cream Sundae', 'Dessert', 4.99, 'Ice cream topped with chocolate sauce, nuts, and whipped cream');
select * from menu_items;
INSERT INTO customers (customer_id, customer_name, phone_number, email, address) VALUES
(1, 'John Doe', '123-456-7890', 'johndoe@example.com', '123 Main St, Anytown, USA'),
(2, 'Jane Smith', '234-567-8901', 'janesmith@example.com', '456 Oak St, Sometown, USA'),
(3, 'Alice Johnson', '345-678-9012', 'alicej@example.com', '789 Pine St, Othertown, USA'),
(4, 'Bob Brown', '456-789-0123', 'bobb@example.com', '101 Maple St, Anycity, USA'),
(5, 'Charlie Davis', '567-890-1234', 'charlied@example.com', '202 Elm St, Somecity, USA'),
(6, 'Daisy Miller', '678-901-2345', 'daisym@example.com', '303 Cedar St, Anothercity, USA'),
(7, 'Ethan Wilson', '789-012-3456', 'ethanw@example.com', '404 Birch St, Townsville, USA'),
(8, 'Fiona Thompson', '890-123-4567', 'fionat@example.com', '505 Walnut St, Cityville, USA'),
(9, 'George White', '901-234-5678', 'georgew@example.com', '606 Cherry St, Village, USA'),
(10, 'Hannah Lewis', '012-345-6789', 'hannahl@example.com', '707 Poplar St, Hamlet, USA'),
-- Continue adding values up to 100
(11, 'Irene Clark', '111-222-3333', 'ireneclark@example.com', '808 Sycamore St, Metropolis, USA'),
(12, 'Jack Walker', '222-333-4444', 'jackwalker@example.com', '909 Willow St, Cosmopolis, USA'),
(13, 'Karen Young', '333-444-5555', 'karenyoung@example.com', '1010 Magnolia St, Urbania, USA'),
(14, 'Leo King', '444-555-6666', 'leoking@example.com', '1111 Aspen St, Suburbia, USA'),
(15, 'Mia Hall', '555-666-7777', 'miahall@example.com', '1212 Alder St, Smalltown, USA'),
(16, 'Nathan Wright', '666-777-8888', 'nathanwright@example.com', '1313 Fir St, Middletown, USA'),
(17, 'Olivia Green', '777-888-9999', 'oliviagreen@example.com', '1414 Hickory St, Anytown, USA'),
(18, 'Paul Adams', '888-999-0000', 'pauladams@example.com', '1515 Cypress St, Sometown, USA'),
(19, 'Quinn Scott', '999-000-1111', 'quinnscott@example.com', '1616 Redwood St, Othertown, USA'),
(20, 'Rachel Moore', '000-111-2222', 'rachelmoore@example.com', '1717 Sequoia St, Anycity, USA'),
-- Continue adding values until you reach 100 items
(21, 'Sam Taylor', '111-222-3333', 'samtaylor@example.com', '1818 Spruce St, Somecity, USA'),
(22, 'Tina Martinez', '222-333-4444', 'tinamartinez@example.com', '1919 Palm St, Anothercity, USA'),
(23, 'Uma Lee', '333-444-5555', 'umalee@example.com', '2020 Cypress St, Townsville, USA'),
(24, 'Vince Harris', '444-555-6666', 'vinceharris@example.com', '2121 Redwood St, Cityville, USA'),
(25, 'Wendy Clark', '555-666-7777', 'wendyclark@example.com', '2222 Sequoia St, Village, USA'),
(26, 'Xander Lewis', '666-777-8888', 'xanderlewis@example.com', '2323 Spruce St, Hamlet, USA'),
(27, 'Yara Young', '777-888-9999', 'yarayoung@example.com', '2424 Willow St, Metropolis, USA'),
(28, 'Zach Walker', '888-999-0000', 'zachwalker@example.com', '2525 Maple St, Cosmopolis, USA'),
(29, 'Abby King', '999-000-1111', 'abbyking@example.com', '2626 Birch St, Urbania, USA'),
(30, 'Ben Wright', '000-111-2222', 'benwright@example.com', '2727 Cherry St, Suburbia, USA'),
-- Add more values as needed to reach 100 items
(31, 'Cathy Hall', '111-222-3333', 'cathyhall@example.com', '2828 Oak St, Smalltown, USA'),
(32, 'Dan Green', '222-333-4444', 'dangreen@example.com', '2929 Pine St, Middletown, USA'),
(33, 'Eva Adams', '333-444-5555', 'evaadams@example.com', '3030 Elm St, Anytown, USA'),
(34, 'Fred Scott', '444-555-6666', 'fredscott@example.com', '3131 Maple St, Sometown, USA'),
(35, 'Gina Moore', '555-666-7777', 'ginamoore@example.com', '3232 Oak St, Othertown, USA'),
(36, 'Harry Young', '666-777-8888', 'harryyoung@example.com', '3333 Pine St, Anycity, USA'),
(37, 'Isla Taylor', '777-888-9999', 'islataylor@example.com', '3434 Elm St, Somecity, USA'),
(38, 'Jake Martinez', '888-999-0000', 'jakemartinez@example.com', '3535 Maple St, Anothercity, USA'),
(39, 'Kara Lee', '999-000-1111', 'karalee@example.com', '3636 Oak St, Townsville, USA'),
(40, 'Liam Harris', '000-111-2222', 'liamharris@example.com', '3737 Pine St, Cityville, USA'),
(41, 'Mila Clark', '111-222-3333', 'milaclark@example.com', '3838 Elm St, Village, USA'),
(42, 'Noah Lewis', '222-333-4444', 'noahlewis@example.com', '3939 Maple St, Hamlet, USA'),
(43, 'Olga Young', '333-444-5555', 'olgayoung@example.com', '4040 Oak St, Metropolis, USA'),
(44, 'Pete Walker', '444-555-6666', 'petewalker@example.com', '4141 Pine St, Cosmopolis, USA'),
(45, 'Quincy King', '555-666-7777', 'quincyking@example.com', '4242 Elm St, Urbania, USA'),
(46, 'Rita Wright', '666-777-8888', 'ritawright@example.com', '4343 Maple St, Suburbia, USA'),
(47, 'Steve Hall', '777-888-9999', 'stevehall@example.com', '4444 Oak St, Smalltown, USA'),
(48, 'Tina Green', '888-999-0000', 'tinagreen@example.com', '4545 Pine St, Middletown, USA'),
(49, 'Ursula Adams', '999-000-1111', 'ursulaadams@example.com', '4646 Elm St, Anytown, USA'),
(50, 'Vince Scott', '000-111-2222', 'vincescott@example.com', '4747 Maple St, Sometown, USA'),
(51, 'Wendy Moore', '111-222-3333', 'wendymoore@example.com', '4848 Oak St, Othertown, USA'),
(52, 'Xander Young', '222-333-4444', 'xanderyoung@example.com', '4949 Pine St, Anycity, USA'),
(53, 'Yara Taylor', '333-444-5555', 'yarataylor@example.com', '5050 Elm St, Somecity, USA'),
(54, 'Zach Martinez', '444-555-6666', 'zachmartinez@example.com', '5151 Maple St, Anothercity, USA'),
(55, 'Amy Lee', '555-666-7777', 'amylee@example.com', '5252 Oak St, Townsville, USA'),
(56, 'Ben Harris', '666-777-8888', 'benharris@example.com', '5353 Pine St, Cityville, USA'),
(57, 'Cathy Clark', '777-888-9999', 'cathyclark@example.com', '5454 Elm St, Village, USA'),
(58, 'Dan Lewis', '888-999-0000', 'danlewis@example.com', '5555 Maple St, Hamlet, USA'),
(59, 'Eva Young', '999-000-1111', 'evayoung@example.com', '5656 Oak St, Metropolis, USA'),
(60, 'Fred Walker', '000-111-2222', 'fredwalker@example.com', '5757 Pine St, Cosmopolis, USA'),
(61, 'Gina King', '111-222-3333', 'ginaking@example.com', '5858 Elm St, Urbania, USA'),
(62, 'Harry Wright', '222-333-4444', 'harrywright@example.com', '5959 Maple St, Suburbia, USA'),
(63, 'Isla Hall', '333-444-5555', 'islahall@example.com', '6060 Oak St, Smalltown, USA'),
(64, 'Jake Green', '444-555-6666', 'jakegreen@example.com', '6161 Pine St, Middletown, USA'),
(65, 'Kara Adams', '555-666-7777', 'karaadams@example.com', '6262 Elm St, Anytown, USA'),
(66, 'Liam Scott', '666-777-8888', 'liamscott@example.com', '6363 Maple St, Sometown, USA'),
(67, 'Mila Moore', '777-888-9999', 'milamoore@example.com', '6464 Oak St, Othertown, USA'),
(68, 'Noah Young', '888-999-0000', 'noahyoung@example.com', '6565 Pine St, Anycity, USA'),
(69, 'Olga Taylor', '999-000-1111', 'olgataylor@example.com', '6666 Elm St, Somecity, USA'),
(70, 'Pete Martinez', '000-111-2222', 'petemartinez@example.com', '6767 Maple St, Anothercity, USA'),
(71, 'Quincy Lee', '111-222-3333', 'quincylee@example.com', '6868 Oak St, Townsville, USA'),
(72, 'Rita Harris', '222-333-4444', 'ritaharris@example.com', '6969 Pine St, Cityville, USA'),
(73, 'Steve Clark', '333-444-5555', 'steveclark@example.com', '7070 Elm St, Village, USA'),
(74, 'Tina Lewis', '444-555-6666', 'tinalewis@example.com', '7171 Maple St, Hamlet, USA'),
(75, 'Ursula Young', '555-666-7777', 'ursulayoung@example.com', '7272 Oak St, Metropolis, USA'),
(76, 'Vince Walker', '666-777-8888', 'vincewalker@example.com', '7373 Pine St, Cosmopolis, USA'),
(77, 'Wendy King', '777-888-9999', 'wendyking@example.com', '7474 Elm St, Urbania, USA'),
(78, 'Xander Wright', '888-999-0000', 'xanderwright@example.com', '7575 Maple St, Suburbia, USA'),
(79, 'Yara Hall', '999-000-1111', 'yarahall@example.com', '7676 Oak St, Smalltown, USA'),
(80, 'Zach Green', '000-111-2222', 'zachgreen@example.com', '7777 Pine St, Middletown, USA'),
(81, 'Amy Adams', '111-222-3333', 'amyadams@example.com', '7878 Elm St, Anytown, USA'),
(82, 'Ben Scott', '222-333-4444', 'benscott@example.com', '7979 Maple St, Sometown, USA'),
(83, 'Cathy Moore', '333-444-5555', 'cathymoore@example.com', '8080 Oak St, Othertown, USA'),
(84, 'Dan Young', '444-555-6666', 'danyoung@example.com', '8181 Pine St, Anycity, USA'),
(85, 'Eva Taylor', '555-666-7777', 'evataylor@example.com', '8282 Elm St, Somecity, USA'),
(86, 'Fred Martinez', '666-777-8888', 'fredmartinez@example.com', '8383 Maple St, Anothercity, USA'),
(87, 'Gina Lee', '777-888-9999', 'ginalee@example.com', '8484 Oak St, Townsville, USA'),
(88, 'Harry Harris', '888-999-0000', 'harryharris@example.com', '8585 Pine St, Cityville, USA'),
(89, 'Isla Clark', '999-000-1111', 'islaclark@example.com', '8686 Elm St, Village, USA'),
(90, 'Jake Lewis', '000-111-2222', 'jakelewis@example.com', '8787 Maple St, Hamlet, USA'),
(91, 'Kara Young', '111-222-3333', 'karayoung@example.com', '8888 Oak St, Metropolis, USA'),
(92, 'Liam Walker', '222-333-4444', 'liamwalker@example.com', '8989 Pine St, Cosmopolis, USA'),
(93, 'Mila King', '333-444-5555', 'milaking@example.com', '9090 Elm St, Urbania, USA'),
(94, 'Noah Wright', '444-555-6666', 'noahwright@example.com', '9191 Maple St, Suburbia, USA'),
(95, 'Olga Hall', '555-666-7777', 'olgahall@example.com', '9292 Oak St, Smalltown, USA'),
(96, 'Pete Green', '666-777-8888', 'petegreen@example.com', '9393 Pine St, Middletown, USA'),
(97, 'Quincy Adams', '777-888-9999', 'quincyadams@example.com', '9494 Elm St, Anytown, USA'),
(98, 'Rita Scott', '888-999-0000', 'ritascott@example.com', '9595 Maple St, Sometown, USA'),
(99, 'Steve Moore', '999-000-1111', 'stevemoore@example.com', '9696 Oak St, Othertown, USA'),
(100, 'Tina Young', '000-111-2222', 'tinayoung@example.com', '9797 Pine St, Anycity, USA');
select * from customers;
INSERT INTO orders (order_id, customer_id, order_date, total_amount) VALUES
(1, 1, '2023-01-01', 45.99),
(2, 2, '2023-01-02', 78.50),
(3, 3, '2023-01-03', 102.20),
(4, 4, '2023-01-04', 56.75),
(5, 5, '2023-01-05', 34.90),
(6, 6, '2023-01-06', 89.60),
(7, 7, '2023-01-07', 123.45),
(8, 8, '2023-01-08', 67.80),
(9, 9, '2023-01-09', 49.50),
(10, 10, '2023-01-10', 25.30),
-- Continue adding values up to 100
(11, 11, '2023-01-11', 77.99),
(12, 12, '2023-01-12', 65.75),
(13, 13, '2023-01-13', 88.20),
(14, 14, '2023-01-14', 92.30),
(15, 15, '2023-01-15', 105.00),
(16, 16, '2023-01-16', 78.90),
(17, 17, '2023-01-17', 66.40),
(18, 18, '2023-01-18', 47.30),
(19, 19, '2023-01-19', 54.20),
(20, 20, '2023-01-20', 110.10),
-- Continue adding values until you reach 100 items
(21, 21, '2023-01-21', 33.45),
(22, 22, '2023-01-22', 120.60),
(23, 23, '2023-01-23', 97.85),
(24, 24, '2023-01-24', 45.00),
(25, 25, '2023-01-25', 68.70),
(26, 26, '2023-01-26', 55.55),
(27, 27, '2023-01-27', 76.20),
(28, 28, '2023-01-28', 85.40),
(29, 29, '2023-01-29', 90.15),
(30, 30, '2023-01-30', 105.65),
(31, 31, '2023-01-31', 87.50),
(32, 32, '2023-02-01', 72.90),
(33, 33, '2023-02-02', 60.75),
(34, 34, '2023-02-03', 55.30),
(35, 35, '2023-02-04', 69.45),
(36, 36, '2023-02-05', 77.10),
(37, 37, '2023-02-06', 45.60),
(38, 38, '2023-02-07', 53.20),
(39, 39, '2023-02-08', 90.80),
(40, 40, '2023-02-09', 120.45),
(41, 41, '2023-02-10', 85.35),
(42, 42, '2023-02-11', 67.25),
(43, 43, '2023-02-12', 92.90),
(44, 44, '2023-02-13', 78.50),
(45, 45, '2023-02-14', 88.30),
(46, 46, '2023-02-15', 95.70),
(47, 47, '2023-02-16', 56.45),
(48, 48, '2023-02-17', 100.20),
(49, 49, '2023-02-18', 123.60),
(50, 50, '2023-02-19', 115.30),
(51, 51, '2023-02-20', 78.90),
(52, 52, '2023-02-21', 88.45),
(53, 53, '2023-02-22', 95.20),
(54, 54, '2023-02-23', 105.75),
(55, 55, '2023-02-24', 68.30),
(56, 56, '2023-02-25', 90.55),
(57, 57, '2023-02-26', 75.40),
(58, 58, '2023-02-27', 85.60),
(59, 59, '2023-02-28', 65.45),
(60, 60, '2023-03-01', 115.20),
(61, 61, '2023-03-02', 105.40),
(62, 62, '2023-03-03', 95.30),
(63, 63, '2023-03-04', 100.10),
(64, 64, '2023-03-05', 123.50),
(65, 65, '2023-03-06', 115.90),
(66, 66, '2023-03-07', 90.25),
(67, 67, '2023-03-08', 110.35),
(68, 68, '2023-03-09', 95.40),
(69, 69, '2023-03-10', 123.60),
(70, 70, '2023-03-11', 105.25),
(71, 71, '2023-03-12', 85.50),
(72, 72, '2023-03-13', 100.90),
(73, 73, '2023-03-14', 95.60),
(74, 74, '2023-03-15', 120.75),
(75, 75, '2023-03-16', 105.45),
(76, 76, '2023-03-17', 78.60),
(77, 77, '2023-03-18', 90.70),
(78, 78, '2023-03-19', 115.35),
(79, 79, '2023-03-20', 123.50),
(80, 80, '2023-03-21', 105.30),
(81, 81, '2023-03-22', 95.40),
(82, 82, '2023-03-23', 110.20),
(83, 83, '2023-03-24', 120.45),
(84, 84, '2023-03-25', 105.60),
(85, 85, '2023-03-26', 95.75),
(86, 86, '2023-03-27', 100.30),
(87, 87, '2023-03-28', 115.55),
(88, 88, '2023-03-29', 90.45),
(89, 89, '2023-03-30', 85.60),
(90, 90, '2023-03-31', 95.30),
(91, 91, '2023-04-01', 105.75),
(92, 92, '2023-04-02', 100.50),
(93, 93, '2023-04-03', 120.40),
(94, 94, '2023-04-04', 110.35),
(95, 95, '2023-04-05', 95.60),
(96, 96, '2023-04-06', 105.20),
(97, 97, '2023-04-07', 110.90),
(98, 98, '2023-04-08', 123.75),
(99, 99, '2023-04-09', 115.40),
(100, 100, '2023-04-10', 95.80);
select * from orders;
INSERT INTO order_items (order_item_id, order_id, item_id, quantity, item_price) VALUES
(1, 1, 1, 2, 10.99),
(2, 1, 2, 1, 5.50),
(3, 2, 3, 1, 12.20),
(4, 2, 4, 3, 8.25),
(5, 3, 5, 2, 7.90),
(6, 3, 6, 1, 11.20),
(7, 4, 7, 1, 9.99),
(8, 4, 8, 2, 6.80),
(9, 5, 9, 3, 4.50),
(10, 5, 10, 1, 15.30),
(11, 6, 11, 2, 8.99),
(12, 6, 12, 1, 13.75),
(13, 7, 13, 2, 10.20),
(14, 7, 14, 2, 9.30),
(15, 8, 15, 1, 20.00),
(16, 8, 16, 3, 7.90),
(17, 9, 17, 2, 6.40),
(18, 9, 18, 2, 11.30),
(19, 10, 19, 1, 8.20),
(20, 10, 20, 1, 12.10),
(21, 11, 21, 1, 6.45),
(22, 11, 22, 2, 15.60),
(23, 12, 23, 1, 17.85),
(24, 12, 24, 3, 9.00),
(25, 13, 25, 2, 8.70),
(26, 13, 26, 1, 12.55),
(27, 14, 27, 1, 14.20),
(28, 14, 28, 2, 9.40),
(29, 15, 29, 3, 7.15),
(30, 15, 30, 1, 20.65),
(31, 16, 31, 2, 9.99),
(32, 16, 32, 1, 8.50),
(33, 17, 33, 1, 15.20),
(34, 17, 34, 3, 7.25),
(35, 18, 35, 2, 6.90),
(36, 18, 36, 1, 12.20),
(37, 19, 37, 1, 11.99),
(38, 19, 38, 2, 10.80),
(39, 20, 39, 3, 5.50),
(40, 20, 40, 1, 16.30),
(41, 21, 41, 1, 8.99),
(42, 21, 42, 2, 13.75),
(43, 22, 43, 2, 10.20),
(44, 22, 44, 2, 9.30),
(45, 23, 45, 1, 20.00),
(46, 23, 46, 3, 7.90),
(47, 24, 47, 2, 6.40),
(48, 24, 48, 2, 11.30),
(49, 25, 49, 1, 8.20),
(50, 25, 50, 1, 12.10),
(51, 26, 51, 1, 6.45),
(52, 26, 52, 2, 15.60),
(53, 27, 53, 1, 17.85),
(54, 27, 54, 3, 9.00),
(55, 28, 55, 2, 8.70),
(56, 28, 56, 1, 12.55),
(57, 29, 57, 1, 14.20),
(58, 29, 58, 2, 9.40),
(59, 30, 59, 3, 7.15),
(60, 30, 60, 1, 20.65),
(61, 31, 61, 1, 10.99),
(62, 31, 62, 2, 9.50),
(63, 32, 63, 1, 12.20),
(64, 32, 64, 3, 8.25),
(65, 33, 65, 2, 7.90),
(66, 33, 66, 1, 11.20),
(67, 34, 67, 1, 9.99),
(68, 34, 68, 2, 6.80),
(69, 35, 69, 3, 4.50),
(70, 35, 70, 1, 15.30),
(71, 36, 71, 2, 8.99),
(72, 36, 72, 1, 13.75),
(73, 37, 73, 2, 10.20),
(74, 37, 74, 2, 9.30),
(75, 38, 75, 1, 20.00),
(76, 38, 76, 3, 7.90),
(77, 39, 77, 2, 6.40),
(78, 39, 78, 2, 11.30),
(79, 40, 79, 1, 8.20),
(80, 40, 80, 1, 12.10),
(81, 41, 81, 1, 6.45),
(82, 41, 82, 2, 15.60),
(83, 42, 83, 1, 17.85),
(84, 42, 84, 3, 9.00),
(85, 43, 85, 2, 8.70),
(86, 43, 86, 1, 12.55),
(87, 44, 87, 1, 14.20),
(88, 44, 88, 2, 9.40),
(89, 45, 89, 3, 7.15),
(90, 45, 90, 1, 20.65),
(91, 46, 91, 1, 10.99),
(92, 46, 92, 2, 9.50),
(93, 47, 93, 1, 12.20),
(94, 47, 94, 3, 8.25),
(95, 48, 95, 2, 7.90),
(96, 48, 96, 1, 11.20),
(97, 49, 97, 1, 9.99),
(98, 49, 98, 2, 6.80),
(99, 50, 99, 3, 4.50),
(100, 50, 100, 1, 15.30);
select * from order_items;
INSERT INTO employees (employee_id, employee_name, position, hire_date, salary) VALUES
(1, 'John Doe', 'Manager', '2020-01-15', 60000.00),
(2, 'Jane Smith', 'Assistant Manager', '2020-02-20', 45000.00),
(3, 'Michael Johnson', 'Sales Representative', '2020-03-10', 40000.00),
(4, 'Emily Williams', 'Sales Representative', '2020-04-05', 40000.00),
(5, 'David Brown', 'Customer Service Representative', '2020-05-12', 35000.00),
(6, 'Sarah Jones', 'Customer Service Representative', '2020-06-18', 35000.00),
(7, 'Robert Miller', 'Accountant', '2020-07-25', 50000.00),
(8, 'Jessica Davis', 'Human Resources Coordinator', '2020-08-30', 45000.00),
(9, 'William Wilson', 'IT Specialist', '2020-09-05', 55000.00),
(10, 'Linda Taylor', 'Marketing Coordinator', '2020-10-10', 48000.00),
(11, 'Christopher Martinez', 'Sales Representative', '2020-11-15', 40000.00),
(12, 'Amanda Garcia', 'Sales Representative', '2020-12-20', 40000.00),
(13, 'Daniel Rodriguez', 'Customer Service Representative', '2021-01-10', 35000.00),
(14, 'Ashley Hernandez', 'Customer Service Representative', '2021-02-05', 35000.00),
(15, 'Matthew Lopez', 'Accountant', '2021-03-12', 50000.00),
(16, 'Jennifer Martinez', 'Human Resources Coordinator', '2021-04-18', 45000.00),
(17, 'Joshua Gonzalez', 'IT Specialist', '2021-05-25', 55000.00),
(18, 'Brittany Perez', 'Marketing Coordinator', '2021-06-30', 48000.00),
(19, 'Andrew Sanchez', 'Sales Representative', '2021-07-05', 40000.00),
(20, 'Samantha King', 'Assistant Manager', '2021-08-10', 45000.00),
(21, 'Kevin Young', 'Manager', '2021-09-15', 60000.00),
(22, 'Stephanie Flores', 'Sales Representative', '2021-10-20', 40000.00),
(23, 'Brandon Scott', 'Customer Service Representative', '2021-11-10', 35000.00),
(24, 'Rachel Lee', 'Accountant', '2021-12-05', 50000.00),
(25, 'Justin Hill', 'IT Specialist', '2022-01-12', 55000.00),
(26, 'Heather Turner', 'Marketing Coordinator', '2022-02-18', 48000.00),
(27, 'Timothy Cook', 'Sales Representative', '2022-03-25', 40000.00),
(28, 'Melissa White', 'Assistant Manager', '2022-04-30', 45000.00),
(29, 'Erica Clark', 'Customer Service Representative', '2022-05-05', 35000.00),
(30, 'Alexander Ward', 'Accountant', '2022-06-10', 50000.00),
(31, 'Laura Green', 'Human Resources Coordinator', '2022-07-15', 45000.00),
(32, 'Steven Collins', 'IT Specialist', '2022-08-20', 55000.00),
(33, 'Megan Hall', 'Marketing Coordinator', '2022-09-25', 48000.00),
(34, 'Patrick Adams', 'Sales Representative', '2022-10-30', 40000.00),
(35, 'Olivia Stewart', 'Assistant Manager', '2022-11-05', 45000.00),
(36, 'Edward Morris', 'Customer Service Representative', '2022-12-10', 35000.00),
(37, 'Victoria Rivera', 'Accountant', '2023-01-15', 50000.00),
(38, 'Nicholas Bell', 'Human Resources Coordinator', '2023-02-20', 45000.00),
(39, 'Hannah Murphy', 'IT Specialist', '2023-03-25', 55000.00),
(40, 'Dylan Price', 'Marketing Coordinator', '2023-04-30', 48000.00),
(41, 'Maria Watson', 'Sales Representative', '2023-05-05', 40000.00),
(42, 'Gabriel Brooks', 'Assistant Manager', '2023-06-10', 45000.00),
(43, 'Lauren Perry', 'Customer Service Representative', '2023-07-15', 35000.00),
(44, 'Austin Long', 'Accountant', '2023-08-20', 50000.00),
(45, 'Jordan Reed', 'Human Resources Coordinator', '2023-09-25', 45000.00),
(46, 'Madison Cox', 'IT Specialist', '2023-10-30', 55000.00),
(47, 'Ryan Hughes', 'Marketing Coordinator', '2023-11-05', 48000.00),
(48, 'Isabella Richardson', 'Sales Representative', '2023-12-10', 40000.00),
(49, 'Nathan Bailey', 'Assistant Manager', '2024-01-15', 45000.00),
(50, 'Chloe James', 'Customer Service Representative', '2024-02-20', 35000.00),
(51, 'Jacob Rogers', 'Accountant', '2024-03-25', 50000.00),
(52, 'Alyssa Murphy', 'Human Resources Coordinator', '2024-04-30', 45000.00),
(53, 'Noah Hill', 'IT Specialist', '2024-05-05', 55000.00),
(54, 'Emma Foster', 'Marketing Coordinator', '2024-06-10', 48000.00),
(55, 'Logan Diaz', 'Sales Representative', '2024-07-15', 40000.00),
(56, 'Ava Barnes', 'Assistant Manager', '2024-08-20', 45000.00),
(57, 'Mia Russell', 'Customer Service Representative', '2024-09-25', 35000.00),
(58, 'Lucas Ward', 'Accountant', '2024-10-30', 50000.00),
(59, 'Sophia Bennett', 'Human Resources Coordinator', '2024-11-05', 45000.00),
(60, 'Ethan Griffin', 'IT Specialist', '2024-12-10', 55000.00),
(61, 'Avery Simmons', 'Marketing Coordinator', '2025-01-15', 48000.00),
(62, 'Evelyn Henderson', 'Sales Representative', '2025-02-20', 40000.00),
(63, 'Jack Owens', 'Assistant Manager', '2025-03-25', 45000.00),
(64, 'Harper Wallace', 'Customer Service Representative', '2025-04-30', 35000.00),
(65, 'Benjamin Stone', 'Accountant', '2025-05-05', 50000.00),
(66, 'Amelia Fisher', 'Human Resources Coordinator', '2025-06-10', 45000.00),
(67, 'Williamson Chen', 'IT Specialist', '2025-07-15', 55000.00),
(68, 'Liam Spencer', 'Marketing Coordinator', '2025-08-20', 48000.00),
(69, 'Elizabeth Martinez', 'Sales Representative', '2025-09-25', 40000.00),
(70, 'Charlotte Nguyen', 'Assistant Manager', '2025-10-30', 45000.00),
(71, 'Sebastian Carter', 'Customer Service Representative', '2025-11-05', 35000.00),
(72, 'Mila Kim', 'Accountant', '2025-12-10', 50000.00),
(73, 'Zoey Lewis', 'Human Resources Coordinator', '2026-01-15', 45000.00),
(74, 'Brayden Perez', 'IT Specialist', '2026-02-20', 55000.00),
(75, 'Luna Taylor', 'Marketing Coordinator', '2026-03-25', 48000.00),
(76, 'Axel Jenkins', 'Sales Representative', '2026-04-30', 40000.00),
(77, 'Isla Mitchell', 'Assistant Manager', '2026-05-05', 45000.00),
(78, 'Leo Morgan', 'Customer Service Representative', '2026-06-10', 35000.00),
(79, 'Emilia Adams', 'Accountant', '2026-07-15', 50000.00),
(80, 'Zoe Anderson', 'Human Resources Coordinator', '2026-08-20', 45000.00),
(81, 'Mason Ward', 'IT Specialist', '2026-09-25', 55000.00),
(82, 'Layla Bell', 'Marketing Coordinator', '2026-10-30', 48000.00),
(83, 'Miles Ramirez', 'Sales Representative', '2026-11-05', 40000.00),
(84, 'Bella Cox', 'Assistant Manager', '2026-12-10', 45000.00),
(85, 'Madeline Fisher', 'Customer Service Representative', '2027-01-15', 35000.00),
(86, 'Grayson Richardson', 'Accountant', '2027-02-20', 50000.00),
(87, 'Ivy Lee', 'Human Resources Coordinator', '2027-03-25', 45000.00),
(88, 'Jaxon White', 'IT Specialist', '2027-04-30', 55000.00),
(89, 'Aurora King', 'Marketing Coordinator', '2027-05-05', 48000.00),
(90, 'Easton Ross', 'Sales Representative', '2027-06-10', 40000.00),
(91, 'Paisley Long', 'Assistant Manager', '2027-07-15', 45000.00),
(92, 'Nova Young', 'Customer Service Representative', '2027-08-20', 35000.00),
(93, 'Santiago Baker', 'Accountant', '2027-09-25', 50000.00),
(94, 'Skylar Hernandez', 'Human Resources Coordinator', '2027-10-30', 45000.00),
(95, 'Emerson Nelson', 'IT Specialist', '2027-11-05', 55000.00),
(96, 'Everly Gonzalez', 'Marketing Coordinator', '2027-12-10', 48000.00),
(97, 'Kaelyn Perez', 'Sales Representative', '2028-01-15', 40000.00),
(98, 'River Taylor', 'Assistant Manager', '2028-02-20', 45000.00),
(99, 'Brooks Wright', 'Customer Service Representative', '2028-03-25', 35000.00),
(100, 'Rowan Hall', 'Accountant', '2028-04-30', 50000.00);
select * from employees;
INSERT INTO transactions (transaction_id, order_id, transaction_date, payment_method, total_amount) VALUES
(1, 1, '2022-01-01', 'Credit Card', 50.00),
(2, 2, '2022-01-02', 'Cash', 75.00),
(3, 3, '2022-01-03', 'Credit Card', 60.00),
(4, 4, '2022-01-04', 'Debit Card', 45.00),
(5, 5, '2022-01-05', 'Cash', 55.00),
(6, 6, '2022-01-06', 'Credit Card', 70.00),
(7, 7, '2022-01-07', 'Cash', 65.00),
(8, 8, '2022-01-08', 'Credit Card', 80.00),
(9, 9, '2022-01-09', 'Debit Card', 90.00),
(10, 10, '2022-01-10', 'Credit Card', 95.00),
(11, 11, '2022-01-11', 'Credit Card', 105.00),
(12, 12, '2022-01-12', 'Cash', 115.00),
(13, 13, '2022-01-13', 'Credit Card', 120.00),
(14, 14, '2022-01-14', 'Debit Card', 130.00),
(15, 15, '2022-01-15', 'Cash', 145.00),
(16, 16, '2022-01-16', 'Credit Card', 150.00),
(17, 17, '2022-01-17', 'Cash', 155.00),
(18, 18, '2022-01-18', 'Credit Card', 160.00),
(19, 19, '2022-01-19', 'Debit Card', 170.00),
(20, 20, '2022-01-20', 'Credit Card', 185.00),
(21, 21, '2022-01-21', 'Credit Card', 190.00),
(22, 22, '2022-01-22', 'Cash', 195.00),
(23, 23, '2022-01-23', 'Credit Card', 200.00),
(24, 24, '2022-01-24', 'Debit Card', 205.00),
(25, 25, '2022-01-25', 'Cash', 210.00),
(26, 26, '2022-01-26', 'Credit Card', 215.00),
(27, 27, '2022-01-27', 'Cash', 220.00),
(28, 28, '2022-01-28', 'Credit Card', 225.00),
(29, 29, '2022-01-29', 'Debit Card', 230.00),
(30, 30, '2022-01-30', 'Credit Card', 235.00),
(31, 31, '2022-02-01', 'Credit Card', 240.00),
(32, 32, '2022-02-02', 'Cash', 245.00),
(33, 33, '2022-02-03', 'Credit Card', 250.00),
(34, 34, '2022-02-04', 'Debit Card', 255.00),
(35, 35, '2022-02-05', 'Cash', 260.00),
(36, 36, '2022-02-06', 'Credit Card', 265.00),
(37, 37, '2022-02-07', 'Cash', 270.00),
(38, 38, '2022-02-08', 'Credit Card', 275.00),
(39, 39, '2022-02-09', 'Debit Card', 280.00),
(40, 40, '2022-02-10', 'Credit Card', 285.00),
(41, 41, '2022-02-11', 'Credit Card', 290.00),
(42, 42, '2022-02-12', 'Cash', 295.00),
(43, 43, '2022-02-13', 'Credit Card', 300.00),
(44, 44, '2022-02-14', 'Debit Card', 305.00),
(45, 45, '2022-02-15', 'Cash', 310.00),
(46, 46, '2022-02-16', 'Credit Card', 315.00),
(47, 47, '2022-02-17', 'Cash', 320.00),
(48, 48, '2022-02-18', 'Credit Card', 325.00),
(49, 49, '2022-02-19', 'Debit Card', 330.00),
(50, 50, '2022-02-20', 'Credit Card', 335.00),
(51, 51, '2022-02-21', 'Credit Card', 340.00),
(52, 52, '2022-02-22', 'Cash', 345.00),
(53, 53, '2022-02-23', 'Credit Card', 350.00),
(54, 54, '2022-02-24', 'Debit Card', 355.00),
(55, 55, '2022-02-25', 'Cash', 360.00),
(56, 56, '2022-02-26', 'Credit Card', 365.00),
(57, 57, '2022-02-27', 'Cash', 370.00),
(58, 58, '2022-02-28', 'Credit Card', 375.00),
(59, 59, '2022-03-01', 'Debit Card', 380.00),
(60, 60, '2022-03-02', 'Credit Card', 385.00),
(61, 61, '2022-03-03', 'Credit Card', 390.00),
(62, 62, '2022-03-04', 'Cash', 395.00),
(63, 63, '2022-03-05', 'Credit Card', 400.00),
(64, 64, '2022-03-06', 'Debit Card', 405.00),
(65, 65, '2022-03-07', 'Cash', 410.00),
(66, 66, '2022-03-08', 'Credit Card', 415.00),
(67, 67, '2022-03-09', 'Cash', 420.00),
(68, 68, '2022-03-10', 'Credit Card', 425.00),
(69, 69, '2022-03-11', 'Debit Card', 430.00),
(70, 70, '2022-03-12', 'Credit Card', 435.00),
(71, 71, '2022-03-13', 'Credit Card', 440.00),
(72, 72, '2022-03-14', 'Cash', 445.00),
(73, 73, '2022-03-15', 'Credit Card', 450.00),
(74, 74, '2022-03-16', 'Debit Card', 455.00),
(75, 75, '2022-03-17', 'Cash', 460.00),
(76, 76, '2022-03-18', 'Credit Card', 465.00),
(77, 77, '2022-03-19', 'Cash', 470.00),
(78, 78, '2022-03-20', 'Credit Card', 475.00),
(79, 79, '2022-03-21', 'Debit Card', 480.00),
(80, 80, '2022-03-22', 'Credit Card', 485.00),
(81, 81, '2022-03-23', 'Credit Card', 490.00),
(82, 82, '2022-03-24', 'Cash', 495.00),
(83, 83, '2022-03-25', 'Credit Card', 500.00),
(84, 84, '2022-03-26', 'Debit Card', 505.00),
(85, 85, '2022-03-27', 'Cash', 510.00),
(86, 86, '2022-03-28', 'Credit Card', 515.00),
(87, 87, '2022-03-29', 'Cash', 520.00),
(88, 88, '2022-03-30', 'Credit Card', 525.00),
(89, 89, '2022-04-01', 'Debit Card', 530.00),
(90, 90, '2022-04-02', 'Credit Card', 535.00),
(91, 91, '2022-04-03', 'Credit Card', 540.00),
(92, 92, '2022-04-04', 'Cash', 545.00),
(93, 93, '2022-04-05', 'Credit Card', 550.00),
(94, 94, '2022-04-06', 'Debit Card', 555.00),
(95, 95, '2022-04-07', 'Cash', 560.00),
(96, 96, '2022-04-08', 'Credit Card', 565.00),
(97, 97, '2022-04-09', 'Cash', 570.00),
(98, 98, '2022-04-10', 'Credit Card', 575.00),
(99, 99, '2022-04-11', 'Debit Card', 580.00),
(100, 100, '2022-04-12', 'Credit Card', 585.00);
select * from transactions;










